---,Phase,CurrentCirclePosition,CurrentCircleRadius,TargetCirclePosition,TargetCircleRadius,WaitTime,ShowTime,ShrinkTime,UseRandomTarget,RandomTargetDistanceMin,RandomTargetDistanceMax
1,1,"(X=0.000000,Y=0.000000,Z=0.000000)",600000,"(X=-6260.000000,Y=313800.000000,Z=9050.000000)",80000,300,300,300,FALSE,0,0
2,2,"(X=-6260.000000,Y=313800.000000,Z=9050.000000)",80000,"(X=13890.000000,Y=314120.000000,Z=9000.000000)",40000,300,300,300,TRUE,20000,40000
3,3,"(X=13890.000000,Y=314120.000000,Z=9000.000000)",40000,"(X=13890.000000,Y=301450.000000,Z=9000.000000)",10000,300,300,300,TRUE,10000,30000
